Subject,NEORAW_01,NEORAW_06,NEORAW_11,NEORAW_16,NEORAW_21,NEORAW_26,NEORAW_31,NEORAW_36,NEORAW_41,NEORAW_46,NEORAW_51,NEORAW_56
438716,1,1,4,2,2,0,4,2,2,0,3,2
717713,0,1,1,0,2,3,4,0,3,0,3,4
973742,0,1,3,2,3,2,2,0,3,1,4,4
483168,2,4,3,0,0,0,3,4,3,0,1,3
879328,0,3,1,2,2,4,3,3,1,2,0,0
530581,4,1,0,1,3,4,0,1,4,1,0,0
919501,1,0,1,2,2,0,4,1,4,4,4,1
587070,0,4,1,2,2,1,2,0,0,2,4,2
552928,3,3,1,1,4,3,4,4,2,1,0,4
343703,4,0,4,1,1,2,0,0,1,1,0,1
821833,1,1,3,4,2,4,2,1,3,1,4,4
570820,1,2,1,2,1,1,0,1,3,1,2,2
451650,0,3,3,0,3,4,4,3,0,2,2,2
665515,4,0,1,4,0,2,3,0,4,2,3,3
844543,3,1,2,1,2,0,4,4,2,4,0,1
454586,3,3,4,1,3,2,1,2,2,2,3,3
530491,2,0,4,4,4,4,4,2,2,4,2,1
330705,1,0,4,3,1,1,4,0,1,3,1,3
936336,0,3,0,1,0,2,3,0,3,2,1,0
937604,3,4,4,1,4,2,0,0,1,2,0,4
457879,3,3,4,4,0,4,1,0,0,3,3,2
254173,4,4,0,4,2,4,3,2,0,4,0,2
961016,0,1,0,2,1,3,1,0,2,0,4,0
178101,3,2,2,2,4,0,2,4,0,1,0,0
135099,2,4,2,0,2,2,1,1,1,4,4,4
990570,4,2,1,4,0,3,3,3,2,4,2,3
913314,3,3,0,4,1,0,0,3,2,2,4,4
941569,4,1,3,2,1,3,3,3,0,1,0,4
605082,0,4,1,4,2,0,0,2,3,4,1,1
937793,2,0,1,1,0,2,1,3,2,4,1,0
797765,1,3,3,4,0,2,3,4,3,1,0,0
641145,3,0,2,2,4,3,2,1,4,3,0,3
518637,0,4,1,1,2,1,3,1,0,1,4,2
244116,2,2,2,1,3,0,4,0,2,0,1,2
187979,3,3,2,4,4,4,4,1,0,4,3,2
471144,3,2,2,3,3,4,2,3,2,2,2,1
877324,2,3,1,3,1,4,2,4,1,4,0,3
210031,4,1,4,0,4,2,0,3,4,1,4,1
179141,3,1,2,2,3,1,0,2,2,3,1,1
441112,1,1,2,1,2,4,3,2,2,2,2,3
773415,3,2,2,0,2,0,2,3,3,2,1,0
222763,3,1,1,2,0,3,3,4,2,1,4,2
983050,1,4,0,1,0,3,2,3,0,1,2,1
556840,1,0,1,3,2,3,1,3,4,3,4,4
376085,0,1,2,1,4,1,3,4,2,2,0,2
655387,1,1,4,2,1,1,0,2,0,3,0,0
884002,4,4,4,4,0,1,1,0,1,2,0,2
880056,4,0,4,1,4,1,0,2,3,3,1,3
649957,2,1,1,0,0,0,1,0,0,4,4,1
852588,4,2,1,1,4,0,2,4,2,0,3,1
464752,1,4,0,1,4,0,3,4,3,0,0,2
156745,3,3,0,1,1,2,3,3,0,0,2,3
477215,3,3,1,2,3,4,4,4,4,4,4,4
365816,1,4,1,4,4,2,3,1,2,1,0,4
286378,4,3,2,0,4,3,4,0,0,0,2,1
344367,0,0,4,3,2,4,0,4,0,0,1,2
920418,2,3,0,4,1,1,0,2,4,2,1,0
563157,4,1,1,3,3,3,4,3,1,1,3,4
342810,0,4,2,0,0,2,1,1,3,2,3,4
142141,0,4,1,1,1,3,0,1,3,3,0,0
949174,1,3,4,3,2,3,3,0,0,0,4,3
163686,2,2,2,1,3,2,2,1,1,0,1,0
573021,1,2,1,4,3,2,2,3,0,1,4,0
192084,4,3,1,2,0,2,3,0,1,1,1,2
950311,2,2,3,0,0,0,1,0,3,1,4,1
698598,2,1,3,1,4,0,4,1,3,2,3,0
354433,4,2,2,2,2,0,1,2,1,4,1,0
275725,0,2,0,2,0,0,4,0,4,2,0,0
606022,0,3,2,4,2,0,1,0,2,4,2,2
153219,3,2,4,4,1,2,0,4,2,3,1,0
578033,3,1,4,0,3,2,0,2,3,0,4,2
338391,0,0,4,2,3,1,0,1,2,3,0,4
760280,2,4,2,0,0,3,4,0,3,4,2,2
461874,4,1,0,0,2,2,4,2,3,0,2,4
525301,2,0,1,1,0,4,0,0,0,0,0,0
317003,3,3,0,2,3,4,3,2,0,0,1,0
754609,1,4,1,1,3,3,2,4,2,1,3,1
671273,2,3,1,0,3,0,4,1,3,2,2,1
395023,2,2,2,1,0,4,2,2,1,2,1,4
598156,4,4,2,1,2,4,4,0,4,1,4,2
954136,3,4,4,0,2,0,1,1,4,1,4,1
158737,0,3,0,4,3,0,4,4,4,3,3,3
457938,2,2,4,3,1,1,1,3,1,2,0,1
151333,1,2,2,4,2,0,0,1,3,4,4,2
188399,2,4,3,2,2,2,2,3,2,1,1,0
952648,4,3,3,2,4,4,0,3,3,1,1,1
890520,2,4,2,2,0,4,2,4,2,1,3,3
356280,3,1,4,0,1,2,4,1,3,2,3,1
330713,3,0,4,0,4,1,3,4,2,3,2,2
528829,1,4,1,2,0,4,2,1,4,3,1,4
884742,3,4,1,0,4,1,1,0,2,4,3,4
441299,1,2,4,0,2,1,2,1,3,4,1,1
500933,3,2,4,1,3,2,2,0,0,0,2,1
313998,1,1,1,1,4,1,2,2,2,2,2,2
234698,3,3,4,0,1,1,4,0,1,0,4,4
987872,0,3,2,4,2,3,1,4,4,2,4,4
376351,4,4,1,3,1,1,3,0,3,1,0,0
650012,2,0,4,3,4,0,3,2,2,3,2,1
443827,2,3,3,3,2,2,4,0,2,0,4,0
528564,2,2,4,4,4,2,3,1,4,4,2,3
847191,4,4,3,4,2,4,3,0,4,0,3,3
151794,3,1,0,3,3,0,0,0,2,3,4,2
730866,3,1,0,4,3,4,4,1,4,3,3,0
979501,2,4,1,3,2,0,4,0,4,3,4,1
842287,3,1,2,3,4,0,0,3,3,2,3,0
712497,4,2,3,2,0,1,3,3,0,2,2,1
526268,2,0,3,2,3,4,4,0,4,0,1,3
388439,1,4,2,2,4,1,4,1,1,4,3,3
612611,0,1,4,2,3,3,3,4,1,0,3,4
591299,1,3,4,4,2,0,4,2,0,1,3,3
710170,2,4,1,1,1,0,3,4,2,2,0,3
647894,0,0,3,3,1,3,1,2,3,1,0,0
171698,1,1,3,0,2,4,2,0,1,2,0,4
848536,4,4,3,0,3,0,1,2,0,1,2,3
755970,0,2,0,4,4,4,3,4,4,4,3,0
306280,2,1,0,3,4,3,4,1,0,0,2,1
860698,0,4,1,2,2,4,4,4,3,0,4,1
215551,4,0,3,0,0,1,2,0,0,0,3,0
589000,2,2,0,0,4,2,1,3,4,1,3,2
606274,0,4,0,3,2,2,2,4,0,2,3,1
690120,1,3,2,2,2,1,2,3,0,0,4,1
489747,0,2,0,1,2,3,1,0,4,0,2,4
988423,3,1,0,4,1,4,4,2,1,4,0,2
320817,4,3,1,4,1,1,2,0,3,2,3,3
804086,0,3,0,1,0,1,3,1,4,2,2,1
185182,1,4,0,4,2,3,2,1,4,2,4,3
110906,3,3,4,1,2,1,0,3,3,1,0,1
126665,2,0,1,2,1,2,3,3,4,1,0,3
241187,1,3,0,4,3,0,3,0,1,3,0,3
964279,2,3,4,3,1,4,0,1,2,2,1,3
330598,0,1,0,2,3,0,1,4,4,3,2,3
739879,0,1,4,0,1,2,1,2,4,3,2,3
831813,4,3,3,4,3,4,0,1,2,4,0,3
693927,1,1,4,1,1,3,3,0,1,1,3,4
478802,3,1,1,0,3,0,3,4,2,4,2,0
100343,0,1,3,0,2,3,4,4,4,3,1,0
584160,3,2,3,1,2,2,2,4,4,4,4,1
933004,1,2,0,0,2,4,2,4,4,4,2,2
897385,4,4,4,4,2,1,1,1,2,0,3,3
150452,1,0,2,3,4,4,2,4,1,1,0,3
685633,4,1,4,4,2,4,1,4,4,4,2,0
404982,0,1,4,4,4,0,1,2,0,2,3,3
391811,1,1,2,0,1,0,3,4,1,3,2,4
359876,4,0,4,2,1,4,3,4,0,4,0,3
666554,0,4,3,2,3,3,1,1,1,4,4,0
252009,0,2,2,3,0,3,2,0,3,1,4,0
867606,3,1,4,3,3,3,4,1,2,4,2,2
981760,3,4,4,3,4,2,1,0,2,0,2,4
258536,4,1,1,2,1,0,1,1,4,4,0,2
104845,4,0,1,4,1,2,1,2,0,0,4,1
909295,0,2,1,0,2,4,0,3,0,4,2,3
632652,0,0,4,1,0,2,0,0,1,2,0,4
228952,0,2,1,2,2,1,1,3,0,1,2,2
459918,2,2,1,1,2,3,1,2,1,1,3,0
654615,1,2,3,2,2,4,1,0,0,0,0,1
597603,4,4,2,0,0,3,1,0,3,1,1,4
162904,0,0,3,3,2,0,4,2,3,3,0,3
464423,1,4,2,1,1,3,4,4,0,1,2,3
860683,3,3,2,2,4,1,2,0,1,0,3,4
941555,2,0,1,3,1,2,4,4,0,4,3,2
910049,2,3,1,4,2,1,1,4,2,2,4,4
138066,0,2,3,1,1,1,3,0,0,4,0,3
132132,0,0,3,2,4,4,0,1,0,1,3,4
526977,2,4,2,4,1,2,2,2,4,1,3,3
249526,2,3,2,2,4,3,3,1,3,1,0,4
354935,0,0,2,1,3,2,2,1,1,4,2,2
696932,4,0,3,2,1,3,2,4,2,4,3,1
986291,3,0,1,2,1,2,1,0,4,0,3,0
251619,0,3,0,2,3,0,1,3,3,1,4,0
868824,2,4,4,3,4,4,2,4,4,3,3,3
366473,2,1,4,1,0,4,3,1,0,2,4,0
482206,2,1,1,0,1,1,4,0,3,3,1,1
875528,4,3,0,2,4,3,3,4,0,2,3,4
555437,3,3,0,0,0,4,0,3,3,2,0,3
252731,1,4,0,2,1,4,0,1,3,3,2,3
231807,2,2,4,0,4,3,1,2,0,2,4,3
394693,1,4,1,3,1,3,2,1,2,2,2,2
473456,2,3,2,4,1,1,4,1,1,1,0,0
709927,3,0,2,0,4,2,0,4,3,4,1,3
428680,4,0,1,3,4,4,3,1,3,4,1,3
401517,0,1,3,1,3,3,4,4,4,2,0,0
871018,1,4,1,0,3,3,1,3,2,0,2,4
429319,2,4,2,2,2,1,3,2,4,1,1,1
873627,3,0,2,1,0,2,3,4,4,4,3,0
945081,0,1,3,3,0,4,2,0,2,4,3,0
932244,0,1,0,0,0,3,0,0,2,4,3,2
593115,4,4,4,0,2,0,0,1,4,3,0,1
113616,2,1,2,3,4,2,1,2,0,3,4,1
423296,1,0,2,1,4,2,4,4,3,0,3,2
485799,0,2,2,2,3,3,3,3,0,0,4,2
300928,2,2,0,1,3,1,0,3,4,1,3,1
221680,4,4,3,2,2,4,1,4,3,2,3,2
821896,0,3,2,4,2,0,0,1,4,0,3,1
844077,2,2,3,2,3,2,2,1,2,0,0,0
962530,2,1,1,4,4,1,2,0,3,0,4,3
145445,0,1,4,3,3,1,1,0,3,4,1,1
564220,2,4,4,0,4,4,3,0,4,4,2,1
156311,2,0,3,0,4,3,3,4,3,2,1,1
316680,2,1,0,4,4,4,0,3,4,1,3,2
205994,2,0,4,3,4,1,1,2,2,3,2,0
992997,2,1,4,0,0,1,4,2,4,1,3,0
472221,0,1,0,1,2,2,1,3,1,1,2,0
868005,3,0,0,0,3,3,4,4,0,2,2,0
518842,3,4,1,4,4,2,1,3,1,3,4,1
468817,3,0,4,1,3,2,4,2,2,3,4,0
732745,1,3,1,4,0,3,0,0,2,1,3,3
520868,3,0,3,3,0,4,0,4,3,2,3,4
712067,1,2,0,4,0,4,1,2,3,2,4,4
676740,3,4,4,2,0,2,0,0,3,4,1,2
861031,1,1,4,3,3,1,0,3,3,3,2,2
619523,1,4,2,4,1,4,1,4,0,2,1,4
946038,1,3,0,1,0,4,0,3,0,2,4,1
882880,1,1,0,0,3,0,2,0,0,0,3,2
502300,2,0,4,4,4,3,0,3,0,2,3,3
211589,3,3,1,0,3,2,1,0,3,4,4,3
697801,3,1,0,4,3,3,3,0,2,2,1,3
558668,1,1,4,1,2,0,3,2,0,0,3,2
394810,0,0,0,0,2,0,2,0,0,1,0,4
689340,4,1,4,1,3,0,2,2,4,1,4,4
592951,0,0,0,3,1,4,2,3,2,4,1,1
688099,1,3,3,4,1,2,1,2,3,3,2,1
678074,3,3,4,3,0,1,1,2,2,4,2,0
980887,4,4,4,2,1,3,1,3,3,2,3,1
117876,2,2,3,3,0,3,4,3,4,0,0,2
416853,0,4,0,0,0,1,2,2,3,4,4,2
600924,2,3,1,1,0,4,3,0,4,2,0,0
378544,0,1,1,0,1,2,1,3,2,1,1,3
663580,1,4,4,3,1,1,2,0,1,1,1,4
706325,1,1,3,1,1,1,3,3,1,3,4,3
539082,2,0,2,0,4,4,0,4,3,0,4,2
375590,3,1,1,3,1,4,2,3,0,4,1,4
458272,1,0,1,2,0,1,3,2,3,1,0,0
946970,1,1,3,1,3,3,1,1,2,3,2,4
554274,1,3,3,3,2,3,4,1,1,1,4,2
224403,3,0,1,4,2,0,0,1,4,0,1,2
751525,2,3,0,1,2,0,1,2,1,1,3,3
321370,2,4,1,2,2,0,0,1,2,1,3,4
656977,0,0,4,4,1,0,2,4,1,2,3,1
894833,3,0,1,3,0,1,3,2,3,1,4,0
995303,1,1,0,0,3,0,1,0,3,0,2,3
307653,3,2,0,3,3,0,0,0,4,3,4,1
430493,2,3,4,0,2,0,4,0,2,1,0,2
176728,0,0,0,1,4,1,1,2,3,2,1,0
994309,1,1,4,4,0,2,1,2,4,0,2,4
535741,4,1,4,0,2,1,3,4,4,3,4,0
948347,0,0,2,3,2,0,3,3,2,1,4,0
182374,2,1,3,0,2,3,4,3,2,2,0,3
500004,3,4,3,1,2,4,1,4,2,2,4,1
974086,2,3,3,1,3,2,2,0,3,1,3,2
403743,1,3,4,4,1,3,2,1,4,2,1,1
804805,3,0,4,4,0,0,0,3,0,1,4,2
144537,1,3,1,0,1,2,4,1,1,3,4,2
453030,2,1,0,2,2,3,1,0,1,3,0,4
712414,2,1,3,1,1,4,2,0,1,3,3,1
532246,4,4,1,2,1,4,0,2,1,3,4,2
274331,3,4,1,0,3,4,4,4,0,4,0,1
636840,4,2,2,1,1,0,1,4,0,4,0,3
742252,3,0,3,2,4,3,4,1,2,3,2,4
862148,2,1,2,4,2,3,2,4,4,1,0,3
687464,2,1,1,3,1,3,0,1,4,1,1,1
550464,4,4,4,0,1,0,0,0,1,3,3,2
770712,0,4,2,1,1,1,3,4,3,1,1,4
392272,0,3,0,3,4,3,4,2,1,0,2,0
573281,2,3,3,0,3,0,3,2,1,0,3,3
642629,3,3,1,1,3,0,1,1,0,1,0,0
451481,2,0,0,0,0,4,3,4,1,4,1,1
300158,3,3,2,3,4,4,1,2,2,1,1,1
977260,2,0,2,2,0,0,3,4,2,1,0,3
472409,4,3,3,3,3,2,4,2,4,4,4,0
692307,4,3,1,3,1,0,2,3,2,1,0,2
136678,0,3,2,4,2,2,4,2,3,3,4,1
691720,0,0,4,1,1,2,4,3,1,2,1,4
498807,1,4,0,3,1,1,4,3,3,0,1,0
133855,2,4,0,1,4,2,1,3,1,4,2,3
842888,1,1,3,1,3,2,1,4,1,2,3,2
688638,1,4,2,4,1,2,0,1,2,2,4,1
384978,0,1,3,1,3,0,1,2,0,3,4,4
203092,1,4,0,4,1,3,1,2,4,4,2,4
416273,3,3,1,0,1,3,0,4,4,1,0,4
466652,3,1,0,1,1,3,4,3,0,3,0,3
978152,0,4,1,2,4,3,2,1,0,3,3,4
874704,1,3,1,3,1,1,2,3,1,2,1,0
334890,1,2,0,2,3,0,2,3,4,0,2,1
465795,1,0,3,3,0,2,2,0,3,1,1,4
660349,1,4,1,0,3,3,3,2,4,0,2,3
331348,3,0,4,4,3,4,0,3,0,1,3,3
335043,1,1,4,1,2,0,3,2,0,1,4,2
368128,0,3,0,4,0,2,2,1,4,1,4,4
425790,2,3,2,4,1,2,3,0,0,4,4,0
670308,2,3,0,3,0,3,4,4,2,4,4,0
595411,4,3,1,3,0,2,4,3,2,1,2,0
816016,3,3,2,4,0,3,4,0,0,1,2,3
182491,2,4,2,2,2,4,3,1,1,3,4,2
775387,4,1,4,3,3,4,3,2,3,2,4,3
674584,3,4,2,3,3,2,3,3,1,1,4,2
881381,4,1,4,2,3,4,0,2,4,1,3,3
922489,2,1,4,3,3,0,1,2,2,1,3,1
412280,1,3,1,2,0,3,2,0,4,0,1,2
224568,3,0,2,1,3,0,2,4,2,1,0,3
144100,3,4,2,4,3,1,1,1,3,3,4,3
651557,1,0,4,0,3,4,4,4,3,3,0,4
838141,2,0,2,0,2,1,3,1,2,4,1,3
377277,1,2,4,0,0,2,1,1,1,0,4,1
151840,1,1,2,3,3,2,1,1,1,1,0,3
598529,2,1,2,4,3,4,1,4,2,4,0,1
396308,0,0,2,0,0,0,2,1,0,3,4,1
945520,4,2,2,3,4,0,4,3,2,2,3,3
389989,3,0,3,1,4,4,1,0,0,2,3,2
452844,3,2,1,3,2,3,1,0,3,0,0,0
104519,1,1,2,2,4,0,2,4,4,1,2,1
223135,4,2,4,0,1,3,1,4,3,1,4,0
108468,2,1,2,2,1,2,1,4,0,2,2,3
358242,2,4,0,1,4,0,1,1,3,1,3,1
857898,4,3,3,2,0,1,4,0,0,3,3,2
816357,4,4,4,1,4,3,3,2,2,4,3,1
441604,4,0,0,1,2,4,3,1,2,3,4,0
758567,1,0,0,4,3,3,2,3,2,0,3,2
873230,0,4,1,0,3,3,3,4,2,3,4,2
428280,0,4,4,3,0,4,1,2,0,3,0,1
975998,4,2,0,3,3,4,0,1,0,2,2,3
584753,1,2,0,2,4,3,4,1,3,3,4,3
953804,4,3,3,4,4,0,1,1,2,1,4,3
106220,3,1,1,3,3,3,1,1,4,0,2,1
614874,0,0,1,4,3,2,4,3,1,1,4,2
532456,1,2,4,4,2,3,4,4,3,0,2,1
426602,1,0,1,3,0,4,0,3,4,1,4,2
641604,0,1,4,3,0,4,1,0,3,1,0,4
329930,3,1,2,4,3,2,3,2,1,1,1,2
986520,0,4,2,4,0,2,4,4,4,0,2,3
940855,3,3,4,0,3,0,0,3,0,0,2,1
351120,0,3,0,2,0,2,4,1,4,2,1,2
675995,3,1,1,4,2,0,0,3,0,2,3,0
800449,0,4,3,3,3,4,0,3,3,2,4,2
332973,0,2,4,4,4,3,4,1,0,3,3,0
410133,3,2,1,4,4,3,4,2,2,1,4,4
629365,3,4,4,3,0,0,1,4,4,0,1,0
620962,1,2,3,3,1,4,0,4,2,0,1,4
823141,4,1,4,1,1,2,0,0,1,1,0,0
936333,2,4,3,2,0,2,0,0,2,0,0,2
232441,1,4,4,1,3,0,0,2,2,4,1,4
997135,4,0,0,2,4,1,3,1,2,3,0,0
175082,4,1,0,3,0,4,3,1,1,4,4,3
852922,4,3,2,4,3,1,0,2,0,1,1,2
842187,2,4,0,3,3,4,0,3,3,4,1,4
530646,0,1,2,4,4,0,2,4,4,3,2,0
220815,2,1,2,3,3,4,3,1,4,3,2,4
103795,2,4,1,4,2,2,1,4,0,2,3,1
134650,1,3,0,0,2,1,2,3,4,3,0,4
773604,2,4,1,1,3,2,4,1,0,0,2,2
994999,2,2,4,1,4,1,3,0,3,2,3,2
656679,1,4,4,4,2,0,2,0,1,2,1,2
380812,2,4,1,0,2,2,1,0,2,0,2,3
575630,0,3,3,3,1,1,1,1,0,3,2,0
256206,4,1,2,2,0,3,4,0,0,2,1,1
967124,2,4,1,0,1,1,0,2,0,2,4,2
442369,3,1,3,1,1,1,3,0,1,4,0,2
688604,2,1,4,4,0,0,1,3,0,1,1,1
590136,4,3,3,2,2,0,4,4,2,3,0,1
245245,4,4,3,3,1,2,0,0,1,2,3,3
371809,4,0,1,3,3,0,3,3,3,3,1,1
661400,4,3,2,4,3,4,3,4,4,0,0,3
636343,3,4,2,2,3,2,1,1,1,3,4,2
553650,4,3,2,3,2,4,4,4,1,3,4,2
845652,1,1,0,1,1,2,0,4,1,0,3,4
481928,2,4,3,3,0,4,0,0,4,2,1,0
639369,2,1,2,4,0,4,4,4,2,1,0,0
918143,3,0,3,3,0,4,2,2,4,1,3,3
595867,1,1,1,2,2,3,2,2,3,1,3,2
293351,4,2,0,2,3,4,3,1,1,0,1,1
843422,3,1,1,1,2,4,0,4,4,3,4,1
807503,1,2,1,4,2,2,1,4,1,1,0,1
601838,3,3,2,3,1,4,1,2,0,1,1,2
118076,2,3,2,0,1,3,4,0,1,0,0,1
326020,3,3,2,1,2,4,3,1,0,4,4,1
315472,1,1,2,4,3,3,3,4,0,3,3,0
972308,2,2,0,2,3,1,4,4,1,2,0,1
898276,3,0,1,2,4,2,1,4,2,0,3,3
558844,0,3,0,0,2,0,0,2,2,0,2,1
713637,0,3,1,2,0,2,3,3,1,3,0,1
507500,1,2,2,1,1,1,1,0,4,2,3,4
584304,3,2,2,0,3,1,1,0,1,0,4,3
787888,4,2,3,3,1,1,2,2,1,4,2,3
732646,1,2,2,0,1,1,1,1,4,0,3,1
689162,1,4,2,1,0,0,2,4,2,4,4,4
762639,3,4,3,4,2,3,1,3,4,2,1,0
721049,1,1,1,2,4,1,4,4,1,4,3,2
551505,0,3,3,1,3,2,3,2,2,1,1,3
950755,4,1,4,1,2,4,0,2,3,1,1,0
780979,2,1,4,0,4,1,2,1,3,2,3,0
283707,2,4,2,2,1,1,0,3,1,1,2,0
616166,1,3,3,2,2,4,1,2,4,2,2,3
777265,3,2,3,0,3,4,4,2,1,4,2,0
291010,3,3,2,4,3,2,4,3,2,4,4,2
810024,3,1,4,2,2,4,4,3,0,3,4,2
816906,4,3,1,3,1,0,2,3,4,0,1,2
542850,4,0,2,2,0,0,3,3,4,4,2,1
264176,4,0,0,0,2,3,1,1,2,0,3,0
938393,0,1,2,2,4,2,4,0,4,4,3,0
831399,3,1,4,2,4,2,2,4,4,4,1,1
656638,4,4,2,0,1,4,2,3,4,4,3,1
111405,3,1,1,0,0,4,2,4,4,0,3,3
874975,4,1,3,3,0,2,2,0,1,1,2,3
728973,3,2,1,4,4,0,1,4,3,3,1,3
781910,0,4,2,3,4,3,3,1,3,3,1,3
461465,1,4,1,4,4,1,0,4,4,0,0,0
197521,4,4,0,1,2,1,1,0,3,0,1,2
648641,2,1,4,4,4,1,1,1,1,1,3,1
635106,1,0,3,3,4,1,3,3,2,1,0,1
484709,0,3,0,3,3,2,1,0,4,0,1,0
246033,1,2,4,4,4,0,1,3,3,3,3,4
208415,1,0,3,2,1,2,4,2,0,3,3,1
400909,3,0,0,2,0,4,3,3,2,1,2,2
643446,0,1,3,4,3,2,0,0,0,0,0,0
795752,1,3,2,0,4,3,0,2,1,0,0,4
834127,1,2,4,4,2,1,4,2,0,4,4,0
354356,3,3,4,2,3,3,3,1,0,2,4,4
686205,1,2,3,1,3,1,3,4,3,3,2,0
818713,3,0,1,1,0,2,0,4,1,4,1,2
769742,1,4,2,2,3,2,0,4,0,2,4,1
682690,0,1,3,0,4,0,1,0,4,0,3,1
823996,4,0,0,2,0,2,4,3,3,3,2,0
384653,4,1,0,3,0,0,0,3,4,2,3,3
521075,0,4,3,2,2,3,2,2,1,2,3,3
169116,4,2,1,3,3,0,3,2,3,4,0,0
595092,3,2,4,0,1,2,3,1,1,0,0,2
656996,1,0,1,3,0,3,1,2,2,1,1,0
566782,2,2,1,0,4,4,4,3,4,3,0,3
937001,4,2,2,0,3,3,3,0,1,1,3,2
594723,0,0,4,0,3,3,2,0,0,0,2,0
984307,2,0,1,4,4,2,3,4,2,3,2,4
297526,4,2,3,1,1,4,3,4,1,1,1,1
662713,0,1,2,3,2,4,1,2,1,4,3,2
375590,1,4,4,0,0,2,2,2,4,1,2,3
976720,4,4,2,1,3,3,3,2,1,2,3,0
833878,4,1,0,0,1,1,0,4,0,2,4,2
488378,3,3,2,4,1,2,4,0,2,4,3,1
861858,3,3,4,1,4,3,3,0,2,4,2,1
440562,2,1,3,1,1,0,3,3,2,1,1,2
448691,2,3,0,0,2,1,1,1,3,2,1,0
486598,2,4,4,2,0,3,3,3,4,0,4,2
917094,3,4,4,2,2,1,1,4,1,3,0,4
439330,2,2,4,4,3,4,0,3,2,3,0,4
972598,1,0,4,2,0,2,4,4,4,3,4,1
188353,0,3,3,0,3,1,1,4,0,2,4,3
351730,0,2,2,0,1,0,2,4,4,1,0,1
144102,0,2,0,3,2,2,0,1,0,3,2,4
987761,0,1,3,2,4,2,3,3,4,4,2,0
879042,4,0,2,0,2,1,3,1,0,1,2,1
546300,4,1,1,2,2,1,2,4,0,0,0,1
534615,1,1,0,0,0,4,3,1,3,0,0,2
137161,1,2,1,2,4,3,1,3,0,2,0,0
956138,0,0,2,1,4,0,1,4,1,2,4,0
438681,2,1,2,1,4,1,1,0,0,3,4,0
598813,3,3,0,4,0,4,2,3,0,1,3,4
147067,2,2,3,0,0,1,4,3,4,1,1,0
495735,4,0,4,0,3,4,0,4,4,2,1,3
758367,4,3,0,1,3,3,2,2,1,3,2,1
350056,3,2,1,4,0,3,4,4,1,0,0,3
680731,1,1,2,4,2,1,0,4,2,4,0,4
837505,1,3,3,0,2,2,3,0,3,2,1,3
731564,0,2,0,4,2,3,2,0,1,2,1,1
868024,0,3,0,3,3,4,2,1,2,2,1,0
372836,1,1,4,2,3,1,1,4,3,3,1,2
332247,1,4,1,2,3,2,0,4,2,1,4,3
396112,3,0,0,1,0,0,2,2,4,2,3,2
274177,0,4,0,4,3,3,1,3,3,2,0,3
600463,1,2,3,4,0,2,4,2,0,4,1,4
498956,2,0,4,1,1,2,0,1,1,3,3,1
764091,3,2,4,1,2,0,0,4,3,1,0,0
824960,1,2,1,1,3,3,4,0,3,4,1,4
269392,2,4,2,2,3,2,0,0,3,0,0,4
724567,0,1,4,1,4,0,4,2,2,1,0,3
315954,0,4,0,3,4,2,1,1,0,0,2,3
971451,4,3,4,1,2,0,1,4,0,1,2,0
976496,2,3,3,0,4,2,4,0,2,4,0,4
722429,0,0,0,0,3,4,3,4,2,3,1,2
376326,4,4,3,3,0,2,4,1,2,0,3,4
689489,3,2,2,1,2,3,4,0,2,2,2,2
320456,4,1,4,3,3,4,4,3,0,2,2,4
265982,3,4,1,0,3,3,4,1,3,3,1,1
190697,1,1,4,1,4,3,1,1,0,2,1,3
224299,0,2,0,2,1,1,4,1,1,4,4,3
647940,4,3,3,0,0,1,1,3,2,4,1,1
205626,2,4,3,0,0,3,3,2,3,0,1,1
319865,0,4,0,1,0,0,2,3,3,1,2,3
904783,4,4,2,0,1,4,3,0,2,0,1,4
886699,3,0,1,4,2,4,1,2,2,4,3,2
844768,0,4,4,3,0,4,0,2,2,2,2,1
848561,2,4,0,2,0,2,4,4,0,3,0,4
350084,1,2,0,4,4,0,0,0,1,3,0,4
784160,4,4,4,4,4,2,1,1,2,2,2,3
843930,0,4,2,2,0,2,0,1,1,4,0,0
179186,0,2,4,3,4,3,4,0,3,1,4,1
598807,3,1,3,0,1,4,3,4,1,3,3,4
448396,0,4,3,3,1,3,2,0,4,3,4,0
779120,2,1,1,4,2,4,2,2,3,1,4,1
164636,3,4,2,2,2,2,0,3,2,2,0,0
676209,1,2,2,3,0,3,4,2,4,3,3,2
918515,3,3,2,0,3,1,4,2,2,1,3,0
628922,2,3,3,1,3,3,4,2,4,0,1,2
419965,1,3,4,4,0,0,0,4,2,0,2,1
350109,3,2,4,4,4,1,3,0,3,3,2,4
672103,0,2,1,0,3,1,4,2,1,0,0,4
685851,1,0,3,0,4,2,4,1,1,1,0,3
919689,2,0,2,2,1,1,2,1,2,1,3,4
707285,0,0,2,4,1,2,3,4,4,0,4,1
785100,1,2,3,1,4,1,4,0,2,2,3,3
182984,4,1,3,4,2,1,0,4,0,0,1,4
667156,4,2,3,1,3,1,4,3,4,4,3,0
189548,4,4,4,4,0,0,1,4,3,1,3,1
385326,0,3,3,0,3,3,2,4,1,3,2,0
969801,2,3,3,3,2,3,0,2,1,4,2,3
228801,1,3,0,0,0,3,2,0,3,2,0,3
840623,2,1,4,1,2,4,0,2,0,2,4,2
440033,3,2,2,4,1,3,3,0,3,0,3,3
686773,0,4,1,4,1,1,0,3,1,3,1,2
723050,3,3,4,3,2,3,1,4,4,0,2,4
540525,4,4,1,0,2,2,3,0,3,1,4,0
412473,0,0,3,3,4,4,2,1,1,3,2,2
129718,2,1,2,3,1,0,3,2,1,3,0,4
929961,2,3,4,1,4,1,1,1,2,3,0,2
151722,1,0,0,1,1,1,4,4,2,3,1,1
536378,4,0,0,0,3,2,0,1,2,1,1,1
727927,4,3,4,0,4,0,0,0,4,3,4,1
334135,3,2,2,3,3,4,4,0,1,0,4,2
582625,1,1,1,3,3,1,2,2,3,1,3,2
305329,0,0,4,1,1,4,2,0,3,4,0,3
597586,2,0,4,4,4,2,0,4,1,2,3,0
309955,3,3,1,4,2,1,1,0,3,4,4,0
249248,2,3,1,4,1,2,1,1,3,3,2,0
827538,2,3,3,3,0,4,0,3,0,4,1,3
297553,2,0,0,1,2,4,1,4,2,0,1,4
817234,3,3,2,2,0,4,3,3,4,0,2,1
635310,1,3,4,0,2,2,1,4,1,0,4,2
791799,0,0,2,2,4,0,3,1,1,4,1,0
259600,0,0,3,0,3,2,2,0,1,2,1,0
210174,1,1,2,2,2,3,4,3,4,1,1,3
137450,2,4,3,1,2,0,3,4,0,4,4,1
289984,4,2,1,1,0,2,0,4,2,4,4,3
395772,3,1,2,0,3,2,0,4,0,2,1,0
479726,2,1,4,3,1,2,3,1,0,3,2,4
914128,3,1,2,2,1,0,0,1,2,3,1,4
722056,3,4,4,2,2,0,1,4,3,1,2,0
526496,1,4,1,1,0,0,4,1,0,0,2,4
134500,4,0,1,1,2,2,2,2,0,3,3,0
357643,0,1,2,0,4,4,4,1,4,0,3,4
195157,4,0,3,3,3,1,0,2,2,3,4,2
337683,2,1,1,1,3,1,3,3,0,4,3,3
577452,4,0,3,3,0,4,4,2,1,3,1,3
194398,2,3,1,1,1,2,2,2,1,4,3,3
725855,0,0,3,1,1,4,0,3,0,4,1,2
189118,4,2,2,4,4,2,0,3,4,2,0,4
444962,3,3,0,0,3,2,2,1,2,0,3,3
432606,4,2,4,0,0,2,1,0,0,4,2,3
553266,3,2,2,1,4,1,1,1,2,2,2,3
634127,1,0,0,1,2,0,1,4,1,2,0,1
523143,1,1,1,3,0,3,4,4,1,0,1,2
392526,2,3,0,2,3,0,4,3,4,3,1,0
800892,0,1,2,4,3,2,0,4,0,4,0,1
504072,4,1,1,2,3,0,0,0,1,0,4,2
407121,0,2,0,0,3,3,2,2,1,1,3,1
510342,3,1,4,3,0,2,4,0,1,3,4,3
492143,0,4,2,4,2,4,0,2,3,3,2,4
973158,1,4,1,3,3,4,4,2,3,1,3,2
970047,2,4,0,1,2,3,1,0,2,2,4,2
914107,3,2,2,0,2,1,1,0,0,0,3,3
756298,4,3,0,3,0,4,4,2,1,2,2,4
127350,1,3,3,3,2,4,2,0,0,2,0,0
712737,0,0,0,2,2,3,2,1,1,4,3,0
714926,4,0,2,3,0,2,0,3,2,4,2,3
537456,0,4,4,3,2,1,3,2,1,3,0,1
971492,1,1,2,2,0,3,3,3,1,2,4,2
109056,1,1,0,0,4,0,4,3,3,0,2,3
550973,0,4,4,3,3,4,4,1,1,0,0,1
533905,1,1,1,1,3,1,0,4,0,2,3,1
533576,2,0,4,0,4,1,1,2,2,1,0,1
906965,3,0,0,0,2,4,0,2,4,4,4,0
358946,2,4,0,1,2,0,3,2,0,2,4,3
371650,3,3,4,0,3,0,4,0,3,4,4,2
757631,1,4,4,0,2,1,1,4,2,2,2,0
300078,2,1,0,1,0,1,1,0,1,1,4,4
252187,1,1,0,0,0,2,1,2,1,4,2,0
277808,3,3,3,0,1,0,3,3,1,4,0,0
187156,4,0,3,0,2,2,2,0,0,1,0,3
764693,1,4,4,2,2,0,3,2,4,1,1,3
422997,4,0,4,0,3,0,2,0,1,4,1,1
827634,1,4,0,0,0,3,2,4,0,4,2,4
739219,1,0,1,3,4,0,1,1,1,1,2,0
727483,4,4,1,1,0,2,0,1,0,2,0,2
935848,4,1,2,1,3,1,0,4,1,3,3,2
740408,0,2,4,3,1,3,3,4,4,4,0,2
643153,4,2,3,3,4,2,4,0,3,4,1,4
203891,2,2,3,0,0,0,0,4,4,0,4,4
141743,2,1,4,2,0,1,3,4,2,2,0,2
250656,3,2,1,0,4,1,1,4,2,1,3,1
697440,3,3,2,2,2,4,1,3,0,1,1,2
275920,4,4,0,4,0,1,1,1,0,2,4,2
744049,1,2,4,4,1,2,0,4,3,1,0,3
949695,1,4,4,4,3,3,0,0,2,0,4,4
979240,0,2,4,0,3,4,2,4,3,0,4,0
548339,4,4,2,4,0,3,2,1,1,0,2,2
411785,0,0,2,2,1,2,3,3,4,2,2,2
466615,3,3,2,1,4,1,1,1,3,0,0,2
989683,1,0,2,3,3,1,3,4,0,4,4,0
666266,3,0,2,3,3,0,0,3,4,0,4,0
229233,0,1,0,2,1,4,3,2,0,4,0,3
328436,1,0,4,4,0,2,1,2,1,4,3,4
863859,4,2,4,3,1,4,3,3,1,3,0,4
248524,4,0,0,4,3,2,0,0,0,1,0,3
325707,0,3,3,4,4,2,2,2,1,2,3,4
499199,0,1,4,1,3,0,4,1,1,2,2,4
973833,2,4,2,1,3,2,1,3,2,2,0,1
772257,1,1,4,0,4,4,1,1,4,0,1,3
718392,2,0,1,3,4,3,2,0,2,3,0,4
974462,2,3,4,2,0,4,4,4,3,4,2,3
430970,0,3,3,2,2,0,1,2,2,1,3,3
396000,3,4,1,0,0,2,0,2,2,4,2,1
517863,4,0,2,2,4,1,1,4,2,0,0,2
919520,3,4,3,0,2,4,2,3,3,2,3,4
907132,3,1,4,3,4,0,2,0,4,2,2,2
551762,2,1,0,0,4,4,4,3,3,1,1,1
588106,4,1,1,0,0,2,3,3,3,2,1,2
672998,1,2,1,2,4,1,4,3,1,4,4,3
320197,4,1,4,1,4,4,1,1,2,3,1,3
731880,1,3,3,4,1,0,1,3,3,0,4,0
937730,2,2,0,2,2,1,0,2,1,3,1,1
981738,4,1,1,3,2,2,2,4,4,3,0,0
188899,0,1,4,2,3,2,1,2,4,0,4,1
332556,3,0,2,2,2,1,1,0,0,2,1,0
981218,3,0,4,2,2,2,1,1,2,0,0,3
185960,0,2,0,1,0,2,0,2,1,3,2,4
561843,3,1,1,2,0,1,4,4,2,3,1,1
557547,0,2,1,4,2,3,2,2,3,4,0,2
852075,1,3,3,0,1,3,1,2,2,2,4,4
345087,2,0,1,0,0,4,4,3,0,1,2,0
825103,1,2,0,1,3,0,4,1,1,0,2,0
695396,3,2,2,1,0,4,3,0,0,3,4,2
218141,0,2,3,3,4,3,1,2,1,1,3,3
559988,1,4,2,3,1,3,1,3,2,4,1,3
835654,3,3,4,2,2,1,0,2,1,4,1,3
645099,0,0,0,4,2,1,4,1,4,1,3,0
570908,0,3,0,4,2,1,4,0,4,4,3,4
537117,3,4,2,3,0,1,3,4,0,1,0,3
738111,4,3,1,4,3,1,2,1,0,3,1,4
578580,4,1,2,1,3,3,4,4,3,1,1,2
820375,2,0,1,3,2,4,4,3,2,3,1,2
760252,0,1,2,4,3,0,0,4,4,3,0,3
441419,0,0,0,3,1,2,4,4,3,3,1,1
774506,1,3,0,4,4,0,2,0,1,3,0,1
848595,2,1,4,0,1,3,2,2,4,4,0,0
894585,0,3,4,2,2,1,3,0,2,0,2,2
924766,1,3,1,0,4,0,4,0,4,2,2,4
626753,2,1,3,3,1,2,0,3,3,2,4,0
485394,4,2,1,1,3,4,0,2,2,2,1,0
442213,1,3,2,3,0,3,0,4,0,3,2,2
190968,1,0,1,3,4,0,2,1,3,2,0,4
506679,0,4,4,3,4,4,4,3,4,3,2,1
509018,0,1,0,4,0,4,1,1,2,0,1,2
921795,0,1,3,3,3,3,4,4,3,2,4,3
904643,2,4,3,4,4,0,1,2,2,3,3,1
619560,0,0,0,3,3,1,0,2,1,0,2,4
614970,4,2,1,0,3,2,2,0,3,1,4,1
629767,4,1,1,1,0,0,3,3,1,3,1,2
266505,3,0,3,1,1,2,1,0,1,1,4,1
456156,3,1,1,0,3,2,1,4,2,4,4,2
609729,2,3,1,4,3,2,1,2,4,3,3,1
616097,4,4,3,3,2,0,3,0,4,1,1,0
251880,3,2,3,2,4,4,4,4,4,0,3,1
524250,1,4,1,1,1,2,0,3,4,3,4,0
787383,2,0,3,1,2,1,2,2,2,0,3,1
271159,1,3,0,4,1,0,3,2,0,0,4,3
301623,4,4,4,0,2,1,2,0,0,3,0,3
758696,1,4,2,0,2,3,0,0,3,2,4,2
948629,4,0,1,2,0,1,0,1,4,1,3,1
668878,2,0,4,0,2,1,0,1,0,3,3,0
555287,2,1,4,4,2,3,2,2,1,2,3,2
330137,3,0,4,0,2,2,1,1,1,4,1,0
396341,3,0,3,0,3,0,4,2,1,3,3,0
105796,4,0,4,4,2,3,4,0,0,3,1,0
928822,1,0,4,4,4,2,2,3,1,1,0,1
578622,1,0,2,1,4,0,1,1,3,0,2,3
969339,1,1,3,2,2,2,3,4,3,1,0,3
581458,3,4,0,4,2,2,0,0,0,1,3,0
992579,4,1,4,3,1,0,2,3,1,1,3,4
963730,4,1,2,2,1,3,2,0,3,3,2,4
280255,1,2,1,0,2,1,1,0,1,2,4,4
779424,0,2,2,3,4,2,0,1,4,2,1,1
706041,3,0,3,2,1,4,4,2,3,3,4,0
193811,4,3,3,1,0,1,3,2,3,3,2,0
315026,0,2,2,4,3,0,1,4,0,2,2,2
291811,0,4,3,4,4,1,1,3,2,4,0,4
783533,1,2,1,1,3,2,0,4,2,0,3,2
708640,3,0,1,1,3,1,3,0,1,2,0,2
719730,4,1,3,4,1,0,3,3,4,4,1,3
345476,4,1,3,4,1,3,0,4,2,1,3,0
667384,3,3,1,3,2,1,4,3,1,2,4,1
721630,2,4,0,0,2,1,3,1,2,0,2,2
890805,2,1,4,0,0,3,0,4,4,4,2,1
112317,1,2,0,2,4,3,1,2,2,4,2,3
700902,4,1,0,2,2,2,2,3,2,0,3,3
290334,1,2,1,0,2,3,0,4,0,4,0,2
171024,0,2,2,3,0,2,4,4,2,2,4,0
506018,4,0,2,1,4,1,4,4,4,4,2,0
597052,2,0,0,1,2,1,2,3,3,1,2,4
492381,0,1,3,1,3,2,1,2,0,1,0,3
908643,0,3,3,0,4,4,4,1,4,4,0,0
470170,1,1,1,1,4,2,2,3,3,3,1,3
905981,2,1,0,1,4,0,1,1,3,3,4,3
141101,0,2,2,1,2,2,3,0,3,1,3,0
667244,3,1,3,0,1,2,0,0,1,0,2,2
239946,0,4,0,2,1,0,3,2,1,4,1,3
942223,2,1,3,0,3,0,0,1,2,3,4,2
550233,1,3,3,0,0,0,0,1,1,2,2,1
213955,3,0,2,1,4,3,0,4,1,1,3,2
896463,0,0,3,2,0,4,4,4,1,1,1,2
580264,0,0,2,4,4,0,3,4,1,1,3,2
820285,0,1,2,2,0,1,4,2,2,0,2,4
990682,3,4,1,2,3,3,3,2,1,2,3,3
139101,0,3,3,3,2,1,2,2,2,3,2,2
556170,4,2,1,0,3,2,1,1,3,2,2,1
427712,0,0,1,4,0,3,4,1,3,1,1,0
692576,0,3,1,2,3,4,3,2,0,3,1,1
850268,4,2,2,0,1,3,0,1,1,4,1,1
270110,3,1,3,0,1,3,2,3,1,4,1,0
239305,0,4,4,3,0,0,0,0,2,1,4,2
624369,1,0,0,3,0,4,4,3,4,3,3,0
155955,4,1,2,3,1,4,2,3,0,0,1,4
211635,3,4,0,0,2,0,1,4,4,4,0,0
803134,0,4,1,4,4,2,4,1,3,2,1,3
315641,2,4,0,3,3,4,1,2,1,3,4,0
842117,4,4,4,1,1,2,1,1,3,4,0,0
517443,3,1,1,1,2,1,4,0,4,4,1,0
993524,2,1,3,0,1,3,1,4,3,1,0,4
848563,2,3,0,1,3,3,1,3,4,3,0,1
873188,4,3,4,3,3,2,1,3,4,1,2,2
345533,2,2,1,1,3,2,0,3,3,3,0,2
378128,2,1,4,2,3,3,1,2,4,1,4,4
447847,2,0,2,3,3,1,1,1,3,1,0,0
113866,4,2,2,2,2,0,1,4,0,3,2,1
155396,1,2,0,3,1,1,0,1,2,0,0,1
839937,3,3,4,1,4,0,1,3,2,0,2,1
667830,4,1,1,3,4,4,4,0,2,0,0,1
253892,4,2,0,1,3,0,1,2,0,1,1,3
891227,4,3,0,4,1,3,0,2,3,0,1,3
866218,2,1,3,3,3,3,4,0,1,4,0,1
349889,2,0,4,0,4,4,3,0,3,1,0,3
910465,4,3,4,2,4,4,1,4,1,3,1,0
295989,4,1,4,1,4,4,4,1,2,4,1,1
153424,1,3,3,2,1,1,0,1,2,0,4,3
463309,1,0,0,2,0,1,4,0,3,2,2,0
708306,0,1,3,4,4,1,4,3,0,0,1,0
627095,0,1,2,1,0,2,2,0,2,1,2,1
522452,1,4,2,2,1,2,0,1,0,1,0,0
785194,0,4,0,2,0,1,0,3,0,3,2,4
417174,4,0,4,1,2,0,1,4,2,1,1,3
974481,1,2,1,1,2,3,0,1,0,3,1,4
978097,0,1,2,2,4,1,3,3,0,4,2,2
693693,3,4,0,1,0,2,3,0,3,0,2,4
668656,0,2,1,3,3,2,2,4,1,3,0,2
393297,1,3,2,1,4,3,4,4,3,4,4,4
769027,1,3,3,1,0,2,2,3,1,1,0,2
166789,2,3,2,4,2,4,4,1,0,1,2,1
780784,0,2,0,3,2,3,0,2,1,1,0,1
671935,4,0,4,4,3,3,0,4,1,1,0,3
738543,4,2,0,3,2,0,4,4,3,2,4,0
208128,2,3,0,4,0,2,4,3,2,4,4,2
629101,1,2,1,3,3,2,3,1,3,3,2,3
826196,1,0,4,1,4,1,2,1,4,1,0,0
721303,2,2,4,2,0,0,3,4,4,1,4,3
904036,4,4,1,3,0,2,1,2,0,4,2,1
408024,4,0,0,3,0,1,4,3,1,4,2,2
330378,3,1,2,3,3,1,1,2,3,1,1,2
224005,2,2,2,1,3,3,4,0,4,1,2,0
120711,1,3,1,4,3,4,4,3,0,3,1,0
868570,2,2,3,4,0,1,0,3,0,3,3,2
158096,3,3,1,0,4,0,0,0,0,1,1,3
404920,1,0,1,2,4,4,4,0,3,4,3,1
924128,1,1,0,2,1,4,3,4,2,2,1,0
599206,3,3,2,4,0,4,3,3,1,2,3,2
861019,2,0,2,0,0,1,3,3,2,4,4,1
136133,0,3,1,4,4,4,1,2,3,0,4,4
557075,2,0,0,3,2,3,3,1,4,2,4,4
526809,4,3,1,0,3,1,3,1,2,4,4,1
485177,2,0,2,0,3,1,2,1,4,2,4,4
620650,0,0,4,4,1,0,0,2,4,2,4,2
465614,4,1,4,0,3,1,3,2,4,0,4,1
629935,1,1,0,0,1,2,4,4,0,3,2,3
302997,0,0,2,2,2,2,0,4,0,0,2,3
468479,2,0,2,2,1,1,2,0,2,3,2,0
973795,3,0,1,1,3,3,1,4,0,0,0,2
396062,4,0,3,3,2,3,2,1,4,1,1,2
475659,1,3,4,3,3,2,2,3,1,3,3,2
495854,0,1,0,4,4,2,2,2,3,0,3,0
534163,1,0,1,3,0,3,1,3,0,2,2,3
792383,0,1,1,3,0,3,2,4,3,4,3,4
917869,1,2,1,3,4,1,4,1,4,4,4,4
843899,1,2,1,2,3,0,0,2,1,2,2,4
123045,0,2,4,1,2,0,3,2,0,1,3,2
106666,3,2,0,1,2,3,4,1,1,2,3,4
992797,1,1,1,4,3,4,0,1,2,2,4,4
236937,4,3,2,0,4,4,0,3,4,1,2,1
460059,4,0,4,2,0,0,1,0,0,3,1,1
770284,0,3,3,1,3,3,4,3,4,1,4,2
789452,3,1,2,4,0,4,1,3,2,0,3,3
554684,3,0,4,1,3,0,3,2,0,0,0,3
361655,3,4,4,4,3,0,2,4,3,4,1,3
793161,3,1,3,2,3,0,2,1,4,4,2,3
324172,3,4,3,4,0,0,0,0,0,2,3,0
131211,0,4,0,4,2,4,0,4,1,3,1,2
636413,1,3,3,1,1,2,3,0,4,2,4,2
254801,2,4,0,2,4,4,0,4,2,0,3,1
375864,2,1,1,3,2,2,0,1,4,2,0,2
161323,1,3,0,3,0,4,2,0,3,2,1,4
119026,4,4,4,1,0,0,2,0,2,0,4,0
807314,2,0,4,2,3,1,1,3,4,2,1,0
460979,4,2,1,0,0,2,1,1,0,3,3,1
939123,0,2,0,1,1,2,0,0,1,1,0,4
694467,4,2,2,4,4,0,3,0,0,4,1,1
200668,1,1,2,1,4,2,0,2,3,3,2,4
167133,3,2,0,2,0,1,1,2,2,3,2,4
754661,4,1,0,1,4,2,1,3,0,3,0,2
257380,4,0,4,4,0,2,1,4,1,1,2,2
812700,3,0,0,0,2,2,1,2,3,3,4,1
704103,3,1,3,0,2,4,0,2,0,4,3,0
567895,1,3,4,1,2,4,3,1,1,2,3,4
664879,3,0,3,1,3,4,1,3,1,4,3,0
179859,3,4,2,0,2,2,1,3,3,1,4,0
834719,4,4,0,1,1,1,3,0,3,0,4,3
851114,2,4,1,3,1,1,2,0,4,1,2,2
794198,0,2,3,1,3,4,2,2,2,0,2,0
369640,1,2,4,2,3,4,2,1,4,2,0,0
564655,4,4,3,4,4,3,3,1,0,3,4,1
308163,0,1,0,3,1,3,3,0,0,4,3,2
226101,1,1,4,4,3,1,3,3,2,3,0,2
371996,4,1,4,1,2,4,2,1,2,4,4,0
892851,0,0,0,2,1,3,4,0,1,3,1,4
927432,0,1,4,0,4,4,1,3,4,2,4,4
655594,0,0,2,2,2,1,1,4,0,1,3,2
678092,4,4,3,2,2,0,1,2,0,3,3,3
969235,1,2,2,3,2,4,3,1,4,2,4,4
260648,3,1,3,0,0,2,2,0,3,4,4,1
763104,0,0,3,4,0,2,4,4,1,2,2,3
919550,3,2,4,1,0,3,1,2,2,4,3,4
709469,3,0,1,2,4,4,3,2,3,3,1,1
907811,0,3,0,2,4,3,0,2,2,3,1,0
286194,3,3,2,2,3,1,4,3,1,1,2,3
680999,3,0,2,1,2,1,1,0,0,3,3,0
654974,3,0,2,4,4,1,4,2,2,2,0,2
766072,2,2,4,3,0,1,2,2,2,0,0,1
622651,3,3,3,4,1,4,2,0,3,1,3,1
636560,3,4,2,4,3,3,1,0,4,2,0,1
428222,0,2,3,4,0,0,4,0,1,4,2,4
854397,0,2,2,0,1,3,0,2,3,0,1,3
241765,0,0,3,2,0,0,0,4,2,0,1,0
619240,4,2,4,2,1,4,2,1,4,3,4,2
884888,4,4,0,4,0,2,3,3,4,4,3,1
378633,1,0,4,2,3,4,1,2,2,4,3,2
329203,2,2,2,3,2,3,2,1,0,0,2,0
913547,3,1,1,4,1,0,4,1,4,0,4,2
154071,3,0,0,0,1,3,4,0,2,3,4,0
902060,3,4,1,4,3,2,1,4,2,2,1,3
892315,3,2,1,3,0,4,3,0,4,0,4,2
558997,1,2,4,1,3,4,1,0,1,1,4,3
104956,4,4,2,4,4,1,1,1,0,4,1,3
426143,1,3,0,3,2,0,4,3,1,1,4,0
118380,4,1,3,3,0,4,4,0,2,4,1,2
199781,3,3,2,0,4,0,1,1,2,1,2,1
441705,0,3,4,3,3,4,0,2,3,2,4,3
527444,4,0,1,4,2,2,0,4,4,3,2,0
708947,1,4,0,0,4,2,3,4,1,4,2,1
747328,0,0,2,2,4,0,4,2,1,2,4,4
378180,4,0,2,2,2,0,3,0,3,1,1,0
515460,4,4,4,4,4,0,0,1,4,0,1,4
911958,0,4,3,0,0,1,2,1,1,4,4,4
240501,2,4,4,1,2,2,0,0,4,4,3,4
258577,1,3,4,4,3,3,3,4,4,0,4,0
439905,1,0,1,0,2,2,1,0,3,2,3,4
777734,2,1,2,4,0,1,2,1,3,4,3,4
307924,4,4,0,0,3,4,2,2,0,4,4,4
788604,3,3,0,0,4,2,3,3,3,1,3,2
669145,2,3,3,0,2,0,0,1,4,4,3,4
988088,1,1,3,0,0,3,4,1,0,3,1,0
180753,0,2,3,3,2,1,3,1,3,4,4,3
170781,4,4,3,1,3,2,2,1,1,0,2,3
827001,3,2,0,4,1,2,1,0,2,0,1,4
448278,3,1,1,3,4,1,3,4,2,3,2,4
230910,4,4,1,2,4,0,4,0,4,1,3,2
937847,3,4,3,1,1,0,4,1,0,0,0,1
650935,0,0,0,3,3,2,4,3,3,0,2,3
316392,0,3,4,0,2,2,2,2,4,4,0,1
584138,3,1,1,3,2,3,2,4,1,3,1,0
913129,0,0,2,2,4,0,1,0,2,2,3,4
377610,2,1,3,2,2,4,0,1,0,3,2,2
161756,3,3,0,3,4,2,0,2,2,2,4,1
447632,1,3,3,3,4,1,2,0,3,0,1,3
766397,3,0,0,1,4,0,3,4,1,0,2,4
788314,4,4,3,4,4,0,0,1,3,1,4,0
953737,0,1,3,3,2,2,0,2,3,3,3,1
873355,3,4,4,1,4,3,4,2,1,0,1,4
208999,2,0,4,3,4,0,4,2,1,3,0,3
323957,0,3,0,2,4,4,1,0,2,1,3,0
643487,2,2,4,2,3,0,3,3,2,1,3,1
493024,3,3,0,1,1,2,2,0,4,3,0,1
529640,4,1,0,3,4,2,2,1,3,3,1,1
929712,4,3,3,0,2,2,2,2,4,1,1,2
973241,4,1,4,3,0,4,3,0,0,0,4,1
103331,0,3,3,3,0,1,4,4,4,3,3,1
439496,3,2,0,3,0,4,2,1,3,0,4,3
724405,1,4,0,0,0,3,4,2,0,0,2,4
642889,3,2,4,0,4,3,1,0,0,0,2,1
187031,2,3,3,4,0,1,4,2,0,4,3,2
575490,1,0,0,0,4,0,1,1,2,4,3,2
461335,0,3,4,2,4,1,2,3,0,1,1,4
778354,2,2,1,0,4,1,3,4,1,2,1,0
312983,4,1,4,2,0,4,1,0,1,0,3,4
525129,0,0,2,4,2,4,1,4,3,1,3,4
696912,1,3,0,4,3,4,0,1,2,4,2,1
430487,3,3,4,0,2,2,4,4,1,3,1,3
541134,0,3,0,4,1,4,3,3,3,3,2,1
260028,4,3,1,2,0,2,2,0,0,4,0,3
727838,0,3,4,3,3,3,2,2,1,4,0,4
777566,2,3,0,2,3,4,2,1,4,0,1,1
614136,2,3,1,1,2,3,0,4,0,1,3,4
843205,3,2,3,4,2,2,4,3,4,3,4,1
831403,0,4,4,4,1,4,2,3,4,2,4,3
853721,1,2,3,4,4,4,1,2,2,4,1,0
939142,1,2,2,4,1,0,1,0,1,4,3,3
129424,2,2,0,2,2,4,0,2,0,1,2,0
287186,2,2,2,1,2,2,2,2,2,3,3,4
494601,3,4,3,2,2,4,1,3,3,4,0,1
915509,0,4,2,2,2,3,0,0,4,1,2,2
124555,1,2,4,4,3,4,2,2,2,4,2,3
939254,2,3,0,3,1,4,0,3,2,3,1,0
546548,2,0,2,1,2,1,0,3,3,2,4,3
793620,0,2,2,3,3,0,1,0,3,2,1,3
615072,2,1,2,3,3,0,4,4,1,4,2,2
431016,4,0,1,4,1,4,3,1,2,3,0,3
657415,2,3,0,1,0,1,1,1,3,0,4,2
189268,2,3,4,2,1,4,1,4,3,2,2,4
505195,2,0,1,4,2,3,3,2,2,4,0,0
196865,1,4,0,3,1,2,1,0,2,4,0,3
736008,0,3,3,1,1,4,2,3,4,4,0,0
625102,2,2,0,1,0,1,3,2,0,2,2,3
716622,3,2,1,1,3,1,3,4,4,4,0,2
184551,0,4,2,2,3,0,1,2,3,2,3,0
440539,3,4,0,2,4,2,0,1,3,1,0,3
210366,1,3,0,4,1,3,4,1,4,0,3,1
260910,2,4,4,4,1,1,0,2,4,2,0,4
223294,2,0,3,4,0,0,2,0,4,2,4,3
946687,3,0,0,0,1,3,4,0,2,1,2,3
420482,0,3,3,0,0,2,4,1,0,3,0,4
182947,3,3,0,3,3,1,2,3,1,0,2,0
536419,1,4,4,1,3,1,4,2,1,4,1,0
913371,0,4,3,0,1,4,0,3,0,3,4,0
448096,3,3,0,2,1,4,0,2,4,2,3,0
219446,0,1,3,2,2,1,1,4,0,3,1,1
214740,1,0,2,3,1,1,2,1,0,4,4,4
309028,4,4,3,3,0,2,1,3,2,1,0,3
273905,4,1,2,2,2,3,1,4,4,4,3,2
232622,2,0,3,3,3,4,3,1,4,4,0,2
754653,1,1,3,4,4,4,1,2,0,0,2,0
909124,0,1,1,4,3,4,3,0,2,3,1,4
538165,3,1,1,1,1,2,2,4,0,0,1,3
145866,4,1,0,1,1,2,2,1,3,2,0,3
544387,3,1,0,3,4,2,2,4,2,4,1,2
165788,1,0,2,3,0,3,3,3,0,2,4,4
569968,4,1,4,2,3,2,2,2,4,3,2,0
945024,2,4,3,0,3,1,0,4,0,3,0,4
995662,1,1,2,2,2,3,2,0,4,4,0,4
920766,4,4,4,4,2,1,4,4,3,3,0,2
503144,3,2,1,1,0,0,3,2,4,3,0,4
272860,3,0,1,4,4,3,2,0,4,4,1,4
917359,0,4,0,2,3,0,0,3,0,1,2,0
939836,2,3,0,0,2,2,3,2,0,2,0,3
856183,2,4,0,4,3,0,1,2,3,0,3,4
613116,0,0,2,0,1,2,4,2,4,4,3,1
922539,1,2,3,0,4,4,4,2,3,1,0,1
398873,4,3,1,1,4,2,2,0,0,0,1,0
774443,2,4,2,4,0,3,3,2,2,1,0,4
634231,3,1,2,1,1,0,1,3,1,4,1,0
445140,1,3,3,3,3,3,0,0,1,2,4,0
124164,3,0,2,4,3,3,4,3,4,2,3,2
213864,0,2,0,1,3,0,3,4,3,2,0,4
865826,3,0,1,1,0,0,1,2,0,1,3,3
848727,2,2,3,0,2,4,3,3,1,1,3,3
978070,1,4,1,0,4,2,1,0,3,0,2,0
769914,0,0,2,1,4,2,1,1,1,0,2,2
449647,0,0,1,2,4,2,2,2,2,1,2,1
512848,1,3,2,0,2,1,2,0,4,4,3,2
449940,3,1,2,3,2,3,3,0,2,2,1,2
679801,3,0,3,0,2,0,4,0,0,4,1,2
613342,2,2,3,0,2,4,1,4,1,2,4,0
508458,2,2,0,1,1,0,4,3,3,3,2,0
584296,2,3,0,1,0,1,4,3,3,4,3,0
634604,3,3,0,4,1,0,1,0,1,1,1,1
935413,2,0,4,2,3,3,2,0,0,3,2,1
770042,0,4,4,4,2,4,0,2,1,0,0,3
585418,0,3,1,4,4,0,2,1,2,1,3,0
490732,0,0,0,1,2,0,2,2,0,4,4,2
870491,4,3,1,3,4,1,3,2,3,2,2,0
278178,4,0,1,2,0,2,4,0,2,2,2,4
827983,4,1,2,0,0,1,4,1,0,0,0,0
508289,2,4,0,2,3,2,4,4,4,1,0,2
930951,3,3,4,0,1,3,2,1,1,1,0,0
398229,3,3,2,0,3,1,2,3,3,0,3,3
516698,4,3,1,4,1,3,4,4,1,3,1,0
624696,4,4,2,3,2,1,0,4,2,2,2,4
776044,1,3,1,3,0,1,0,0,1,0,1,3
652397,3,2,0,1,4,4,3,2,1,0,4,4
659352,2,1,0,3,0,4,1,0,1,0,3,3
111315,3,4,0,1,3,4,1,4,0,4,1,1
134786,2,0,1,0,3,3,2,2,3,3,3,1
536032,3,4,2,1,0,0,4,1,2,4,1,1
895026,2,3,3,4,0,2,2,2,0,1,1,2
159653,0,4,1,1,1,2,0,4,1,1,0,3
318885,0,1,0,0,2,3,3,3,2,0,2,1
269363,3,2,0,1,0,4,1,4,0,2,0,2
911501,1,0,4,2,1,2,0,1,3,1,1,4
336634,0,4,1,0,1,2,1,4,0,0,2,0
835414,0,4,4,1,1,1,1,3,4,0,0,2
505047,2,0,3,4,0,3,4,1,0,0,0,1
360397,0,0,0,0,2,0,4,1,1,0,3,3
255752,4,4,0,2,4,2,1,1,3,0,3,3
833199,3,0,3,3,1,0,4,1,4,1,2,4
176524,1,0,3,4,0,2,2,4,0,1,4,2
925952,3,1,0,0,0,4,2,0,4,2,0,2
648069,0,1,3,3,4,0,2,4,0,4,4,2
391838,0,4,2,2,4,1,4,1,4,3,3,2
147696,4,1,1,0,2,1,0,4,1,2,4,0
855333,0,2,3,1,4,0,4,4,1,3,4,4
630730,0,3,2,0,0,0,2,3,0,4,4,0
885035,1,3,1,3,2,3,4,4,1,4,1,1
700473,2,1,2,3,4,0,4,2,0,1,2,3
202668,1,1,4,1,2,1,4,4,4,1,1,1
261276,2,1,0,0,1,3,3,0,1,0,3,1
427175,3,3,3,1,0,1,3,0,0,3,3,3
396878,3,0,4,0,3,4,4,2,2,2,1,0
982016,3,2,2,2,4,2,2,0,2,0,3,1
992304,1,1,0,2,0,1,4,1,4,3,0,3
937210,2,2,1,2,3,4,1,3,2,2,4,0
947679,4,1,3,3,0,2,2,0,3,1,4,3
619607,2,2,2,0,1,0,0,2,2,3,2,1
605642,3,3,3,3,2,2,2,1,3,4,4,0
989202,0,0,2,4,2,4,0,2,2,4,3,3
474835,4,3,3,4,4,3,4,2,3,4,2,4
718631,2,3,0,2,0,3,3,2,1,0,3,1
810729,1,0,4,3,0,4,2,4,4,1,2,2
344234,0,2,2,3,1,3,3,0,2,2,0,2
893980,0,3,3,2,2,3,2,1,2,1,2,2
344298,4,4,1,4,3,4,0,1,3,1,3,3
570897,1,2,0,1,2,1,2,1,2,4,4,1
732917,3,1,0,1,0,3,3,2,3,2,0,0
258008,4,2,1,0,0,4,3,3,0,0,4,3
541297,1,4,0,4,1,2,3,1,0,0,2,3
399773,0,1,0,1,2,3,2,3,0,4,3,3
254176,1,2,2,1,3,1,4,3,2,3,2,4
444384,0,3,4,0,1,1,3,2,3,2,1,4
115238,2,1,3,3,1,3,1,2,2,0,0,1
879495,3,1,1,4,2,1,0,4,4,4,3,2
747784,0,3,1,3,2,1,4,0,4,4,1,2
863909,3,2,0,1,4,4,0,4,2,0,4,0
802571,0,1,0,0,3,4,2,1,3,3,4,4
794929,2,4,3,3,2,4,4,2,0,1,2,4
934894,1,4,2,4,0,2,1,0,1,3,0,1
837341,1,3,2,2,3,2,0,1,2,4,0,4
440511,2,0,1,4,4,4,2,1,4,3,2,4
845335,0,1,3,3,3,2,3,1,1,3,0,3
317821,0,2,1,2,4,4,1,3,3,2,0,1
639383,4,3,0,2,3,3,4,3,4,0,3,2
717030,4,1,0,2,0,2,1,0,2,0,0,0
374646,0,2,4,1,0,3,1,2,1,0,3,1
157855,2,3,1,4,4,3,3,0,1,2,2,3
614408,4,2,0,4,3,2,0,1,1,0,4,2
209409,3,3,3,0,1,4,2,4,0,3,3,4
162486,2,3,2,3,0,2,3,4,4,2,1,4
232107,1,4,2,4,1,4,0,1,4,4,0,4
963454,3,0,2,1,4,1,4,1,1,1,4,3
794571,1,1,3,1,3,4,3,4,3,4,0,4
928902,1,3,4,1,4,0,3,3,3,3,4,2
495178,0,3,4,1,3,4,4,3,4,4,3,2
836131,1,1,3,1,3,2,2,3,0,2,2,3
406816,3,4,3,1,1,1,3,1,4,1,1,1
158404,1,0,3,2,2,1,4,2,4,4,4,3
501893,3,4,1,0,1,1,4,4,0,1,3,3
496662,4,3,4,1,4,4,0,4,2,4,4,2
240062,1,0,1,4,3,2,3,3,0,1,2,4
527285,1,1,3,4,0,3,0,1,0,0,1,1
564245,4,0,4,3,3,0,2,4,0,0,4,2
141001,4,2,2,4,4,4,3,0,4,4,2,0
213948,3,0,0,0,0,4,3,4,1,2,3,4
376367,2,4,2,3,0,3,0,3,0,3,2,3
957952,4,1,1,4,3,0,2,1,4,0,2,2
795426,1,2,0,0,3,4,4,4,1,3,2,0
464231,3,3,2,1,4,0,1,2,2,3,0,1
811083,1,0,0,4,2,0,4,2,0,0,4,1
640241,1,3,0,3,1,1,3,0,3,1,1,2
949672,0,3,2,1,1,2,2,0,0,3,3,0
964237,4,2,4,4,3,1,1,4,3,4,3,4
459636,2,3,0,0,0,3,4,4,1,1,3,3
397058,1,2,2,2,0,1,0,0,3,0,1,0
104465,3,2,2,4,2,3,2,0,4,3,4,3
305860,4,2,3,3,0,3,1,4,3,1,0,4
100174,3,4,3,0,1,0,1,3,0,3,1,3
887542,1,0,4,2,4,2,0,2,1,0,0,3
311389,3,0,4,2,3,4,2,2,1,3,0,3
415288,0,1,2,0,2,1,2,2,2,4,0,2
890287,4,0,4,3,4,3,2,0,2,0,0,3
988628,4,1,2,3,2,4,0,2,4,0,4,1
711358,4,3,1,3,0,2,2,0,1,2,3,1
846598,2,1,2,2,4,1,0,0,0,1,2,0
737759,0,0,3,4,1,0,1,4,4,0,0,2
902403,4,1,3,3,4,4,2,3,3,3,1,4
158334,1,4,2,0,3,1,3,4,4,2,3,4
244227,0,0,1,4,3,2,0,2,2,0,3,4
850239,1,4,1,2,2,3,4,0,0,3,1,0
953844,1,3,3,3,3,4,1,4,0,3,3,4
262152,2,1,1,3,3,4,4,0,1,4,1,0
295057,3,1,0,3,0,4,1,4,1,4,1,2
702748,2,1,1,2,1,0,2,4,1,3,0,2
127635,0,1,1,2,1,1,0,1,0,0,4,0
564375,0,2,0,4,4,0,4,0,3,0,3,3
299767,0,1,2,0,1,1,0,1,3,2,2,2
393178,0,3,0,2,4,0,4,3,4,4,3,0
509642,3,3,3,4,3,4,4,0,1,2,3,0
544231,3,4,4,4,2,3,1,0,2,4,4,2
884510,3,2,2,3,3,1,1,2,4,4,1,3
516402,4,4,0,4,3,3,2,2,3,1,3,4
644594,0,0,0,0,0,0,3,2,1,4,3,0
112884,2,1,3,2,2,4,3,0,1,0,4,1
881065,0,0,1,4,2,2,3,1,1,3,4,4
683351,1,3,2,4,3,0,3,4,4,3,3,3
832917,0,2,3,0,4,4,1,2,4,3,2,1
617841,4,2,1,1,3,2,2,4,1,4,2,0
835178,2,4,2,1,1,1,4,1,3,2,0,3
939258,0,2,1,1,2,3,1,2,0,3,3,4
582879,3,0,3,1,0,1,3,2,0,1,2,4
159674,4,4,3,3,4,0,0,1,2,1,4,3
212908,3,2,3,0,1,0,4,4,0,2,2,1
344414,4,1,3,3,1,1,3,2,2,0,2,3
106524,4,0,0,0,3,0,4,1,1,2,1,4
195442,2,3,2,2,1,0,4,3,4,1,2,1
494215,0,0,1,3,1,3,4,2,3,2,4,2
981469,3,4,0,1,2,2,2,1,1,4,4,1
757343,0,0,2,3,4,3,2,3,0,1,4,4
807321,0,4,4,3,4,0,0,3,4,1,1,2
169872,2,2,1,0,3,1,0,1,2,3,3,2
865225,2,3,3,1,3,4,1,4,1,0,1,0
940120,3,0,0,3,2,2,1,0,1,2,3,4
671952,1,0,2,4,1,3,0,1,3,0,1,0
357108,4,4,4,1,4,3,2,0,4,3,4,3
676854,4,3,2,3,2,3,3,0,3,4,3,2
151506,0,1,0,3,3,1,4,1,3,1,1,4
375800,1,2,1,1,3,3,2,4,1,4,3,2
160183,4,0,1,3,1,3,0,4,2,4,2,3
571079,3,3,2,1,4,2,0,1,0,1,0,1
395861,3,2,1,2,2,4,0,2,1,0,3,1
377338,2,3,0,0,0,2,2,4,3,0,0,2
386115,0,1,3,2,2,4,0,4,1,1,2,4
838767,2,2,2,1,0,0,2,4,1,2,1,0
473909,3,0,4,2,1,3,4,2,3,3,3,4
903816,1,4,0,4,3,2,3,1,2,3,0,3
842353,4,4,2,3,3,2,2,1,2,0,3,2
166894,2,3,3,1,0,3,1,3,4,2,0,4
527124,3,1,0,3,2,0,2,1,1,2,1,2
204872,4,1,3,0,0,0,4,0,3,4,0,2
487070,4,1,2,2,2,1,1,4,2,4,3,1
378457,4,1,0,1,2,3,2,4,3,1,2,3
181572,4,0,2,1,4,3,4,1,1,2,1,2
101500,3,0,3,4,3,4,3,1,4,3,4,0
596177,4,1,2,4,0,2,0,2,3,4,1,1
665475,3,3,4,3,1,4,0,4,3,0,3,1
115758,3,1,0,1,0,1,0,1,0,4,2,2
390291,2,3,4,4,4,4,3,0,2,1,2,4
895531,1,1,4,4,0,1,4,4,4,3,0,4
771872,1,4,1,3,4,0,2,1,0,4,3,2
202788,4,4,4,0,4,1,2,3,4,3,3,1
897839,2,4,2,4,2,0,2,2,0,2,3,1
485061,2,2,4,1,4,1,2,2,0,0,1,1
458090,4,4,2,1,2,2,1,1,3,0,4,2
730823,1,2,2,1,0,1,0,2,3,0,3,1
569642,0,3,1,4,3,3,4,2,3,4,3,2
649248,3,2,0,2,2,0,0,3,2,4,3,0
182673,3,1,3,2,1,3,3,3,1,4,2,3
325599,3,3,3,0,3,2,0,3,1,2,4,1
589591,2,1,1,4,1,3,3,0,3,1,3,1
349652,0,0,1,0,1,2,1,4,2,2,3,0
209076,1,0,1,0,4,2,4,0,4,1,3,4
234192,0,1,1,4,0,2,1,2,0,2,4,1
421371,2,1,2,0,1,3,1,3,1,0,0,2
127795,3,3,1,1,1,1,0,4,3,4,4,2
577209,1,4,0,3,3,1,4,3,1,3,1,3
438806,4,4,3,3,0,2,3,2,4,3,3,2
720601,2,4,4,1,4,0,3,1,4,4,3,4
934952,4,1,4,1,2,3,3,1,2,3,4,0
893015,2,2,2,0,4,0,0,0,0,0,3,0
599749,0,2,0,0,3,3,3,2,1,0,3,2
480253,3,3,4,4,1,4,3,1,1,4,3,4
352470,4,2,4,4,2,1,2,1,2,2,3,4
700070,2,4,0,2,1,3,4,2,0,1,1,1
816862,0,2,3,3,1,0,4,0,1,3,0,0
737717,2,0,3,4,0,1,1,3,4,4,2,0
850467,1,1,1,0,2,0,4,4,3,3,4,1
972439,3,1,3,3,0,4,0,2,4,4,2,4
537776,4,0,1,0,1,3,3,3,0,0,1,0
209371,2,3,3,0,4,0,0,0,4,1,2,3
361586,2,0,0,2,3,1,0,2,4,2,3,0
